{"cameraMode":{"drawMode":0,"name":"Shaded","section":"Shading Mode"},"sceneLighting":false,"audioPlay":false,"sceneViewState":{"showFog":true,"showMaterialUpdate":false,"showSkybox":true,"showFlares":true,"showImageEffects":true,"showParticleSystems":true},"in2DMode":false,"pivot":{"x":6.800000190734863,"y":10.100000381469727,"z":-15.199999809265137},"rotation":{"x":-0.14297322928905488,"y":0.40998169779777529,"z":-0.06524187326431275,"w":-0.8984526991844177},"size":4.567799091339111,"orthographic":false}